{"cameraMode":{"drawMode":0,"name":"Shaded","section":"Shading Mode"},"sceneLighting":true,"audioPlay":false,"sceneViewState":{"showFog":true,"showMaterialUpdate":false,"showSkybox":true,"showFlares":true,"showImageEffects":true,"showParticleSystems":true},"in2DMode":false,"pivot":{"x":0.54364013671875,"y":1.964599609375,"z":0.19927978515625},"rotation":{"x":0.7631797194480896,"y":0.18450431525707246,"z":-0.2481740266084671,"w":0.5673866868019104},"size":15.596763610839844,"orthographic":true}